,A.0_ID flood wave shape,A.1_Bmax,A.1_Brate,A.1_pfail,A.2_Bmax,A.2_Brate,A.2_pfail,A.3_Bmax,A.3_Brate,A.3_pfail,A.4_Bmax,A.4_Brate,A.4_pfail,A.5_Bmax,A.5_Brate,A.5_pfail,discount rate 0,discount rate 1,discount rate 2
0,22,181.16308821650483,10.0,0.5104251476977022,220.68878105905995,10.0,0.9786011735583656,218.1638917684424,10.0,0.4522507725200962,64.98261769390427,1.0,0.3837234873535599,167.88086310933343,10.0,0.1323735408571761,1.5,4.5,2.5
1,117,242.9528297674285,10.0,0.4452023806799587,203.71891394602457,1.0,0.1579972966826894,85.60140905242505,1.5,0.3231152824709321,335.1887778239524,1.0,0.5415761667050393,30.373332625601503,1.0,0.4619960275175704,2.5,3.5,3.5
2,1,79.68499619904976,1.0,0.8582479021448746,135.90095280273425,10.0,0.9850852112182784,310.6741727704457,10.0,0.9530799808966872,213.13665237800652,1.5,0.5648738649381646,166.25257461046442,1.0,0.8649634895140713,1.5,4.5,4.5
3,101,309.8344853180444,10.0,0.4788628445932459,339.6199544609848,1.0,0.6080738526358137,137.97111569244083,1.5,0.0017962628418218,45.24229693509187,10.0,0.4735123979870804,296.41323643711473,1.5,0.011785277568704,4.5,2.5,3.5
4,106,249.4846270889405,10.0,0.6612945323442119,78.74878428858054,10.0,0.4380083684708462,65.12771542404141,1.5,0.5154844288969587,345.5313015266089,10.0,0.2560097778585071,111.6377675026396,10.0,0.72621572837228,3.5,2.5,4.5
